氏名,部署,役職,メールアドレス,パスワード
神谷 花音,部署,役職,mqXhETHE@example.net,fMaBfyp5
清田 初江,部署,役職,BBTpHvjP@example.jp,GCY1aAFi
会田 戸敷,部署,役職,dQ6gMa2iAs@test.jp,KdqAh0Ec
玉城 梅吉,部署,役職,Al366GAUQ@test.co.jp,RNDAyD7v
田原 愛香,部署,役職,Pk17Iyl@sample.jp,nxLHQx8Q
中上 正利,部署,役職,JR9U2Q@example.net,AjO2Ok2s
高谷 春奈,部署,役職,QMdo15_iF@sample.co.jp,gfahTeNx
増子 敏子,部署,役職,BoCMBv067@sample.net,h3xDgLK6
藤島 博史,部署,役職,lQ2O399@example.org,IRSp_IUx
丸尾 伸夫,部署,役職,BENQ56@sample.org,xDulesWN
大沼 和仁,部署,役職,F8ON1s@sample.com,QxGS5A2l
村尾 幸市,部署,役職,OqRhOe@example.org,PtaekL_j
藤野 七美,部署,役職,EMzdZ@example.com,UreGrswA
新海 美和,部署,役職,i58mcq@test.org,pg_nCfM_
中塚 長吉,部署,役職,ocM_98O@sample.com,CzWMTlsw
中田 凛華,部署,役職,DtA8y0pZ@sample.co.jp,MwYwTD0D
鶴岡 正利,部署,役職,MqeE8SFxq@example.jp,K6Y01ac2
青木 春香,部署,役職,Cm1oUN@example.net,CtiQ8Bee
津野 美貴,部署,役職,qMO3Wk@example.net,gHqxj_r2
溝上 由菜,部署,役職,lWX1u1iOEB@sample.com,WJcvPgZx
赤間 裕美子,部署,役職,IOWHk@test.net,fy6IFTWV
手塚 平八郎,部署,役職,M6UMq@sample.com,m6YwjsIL
渋谷 正徳,部署,役職,uyIgq@example.com,GSiQ1Eh2
中川 佳織,部署,役職,eAWIKjznx@sample.com,LCQ7T8xq
黒沢 佳乃,部署,役職,QFqQXAW@sample.net,ujwePE_L
白田 宙子,部署,役職,boCp7O@sample.jp,aZHVbAcy
若月 果音,部署,役職,V68osk@sample.jp,kOLK3JxS
市原 紫苑,部署,役職,vDBu5O0P@sample.com,K8mmf1i0
浜中 忠三,部署,役職,D1_whSHlw@test.jp,OD3ehC7l
奥 勇三,部署,役職,OQyw63fOv@sample.co.jp,E2OJgOvn
安達 盛雄,部署,役職,wSubT0Ze@sample.net,iUQX4RYf
染谷 幸子,部署,役職,llizDm@test.net,RDrra6NH
児玉 来未,部署,役職,m0lBF@sample.com,HRnVSyLj
赤沢 由真,部署,役職,J1FGkznKSl@example.co.jp,IFcgxpAc
長江 静枝,部署,役職,eyPHiEu@test.co.jp,h7F_36oW
楠本 武治,部署,役職,JqSrW@sample.org,vt6Wogzs
青木 涼花,部署,役職,aNlUy5FRok@test.jp,CjkUwKin
阪口 花蓮,部署,役職,qKY_xxyr@test.com,pN5e_MIR
雨宮 宏次,部署,役職,k9eHE@example.net,kGZ9eeJm
清田 千代,部署,役職,X2Sa00@sample.jp,Nu4QlUQ7
柿原 寅雄,部署,役職,th99DC@test.jp,nesQ9rw7
合田 政夫,部署,役職,Xwy58@sample.org,AjgNr10G
岡本 光枝,部署,役職,yUTNI7@test.net,fwviMCaR
浅川 尚,部署,役職,pWwjR8OCrV@example.com,fu9hj8pR
神保 葵,部署,役職,I_xOzR6M@test.net,eL_CmdB7
香川 直樹,部署,役職,eO9g5f@example.net,vv82Cc15
榊 穂乃佳,部署,役職,c6u3JxoBX@test.jp,ewLOMbUx
小柴 蘭,部署,役職,ETPjJ@test.jp,bl5MNxPJ
片野 輝子,部署,役職,cuCie@test.net,mId3gMlm
大城 真美,部署,役職,aN5QJcyPKO@example.org,Jkx2MTIK
深山 貢,部署,役職,g5IhFv@sample.com,BXu8JmyY
竹林 一美,部署,役職,qJbs5hQr@sample.net,Ku4ZRwjW
小田切 梨乃,部署,役職,JwRWfew@test.jp,Gb3uy5FD
犬塚 和広,部署,役職,eJCOmFgPFj@test.jp,JeONwluD
齋藤 敬子,部署,役職,dZaX4@example.com,HZASj8pE
内野 善一,部署,役職,fksO4T2M9@sample.co.jp,mRMxvYHu
北林 紗矢,部署,役職,pU7Ao@sample.org,hmR03Kgy
冨田 徳治,部署,役職,wMNAiMaaJm@example.org,dlU1AKd7
古谷 沙和,部署,役職,rfYeV@test.jp,NcFuM9bl
景山 茂志,部署,役職,nXYUEv@sample.jp,TJbprS8W
山際 啓司,部署,役職,lpc8m__y@example.co.jp,aDJ1j03g
時田 愛菜,部署,役職,oF5Sq@example.net,bx8IdI3G
中林 哲二,部署,役職,QDo2kGO_AC@example.org,E2e0B7jM
吉住 公子,部署,役職,TexfT@sample.org,ydLUBT4e
武山 由希子,部署,役職,NBMAJhjN@example.jp,EIF5JjSG
兵藤 和仁,部署,役職,ezBMJ@example.com,Pf3wjK5L
寺西 英次,部署,役職,nk0qU6@sample.jp,h87FUF2o
野津 菫,部署,役職,iUo62xl@test.org,s33YPEmR
向山 善之,部署,役職,S3ZGDjLtk4@example.co.jp,IF66AHci
金野 雅彦,部署,役職,lsNdyb@test.org,rsjNY2zj
合田 五郎,部署,役職,G380qn8@test.co.jp,w6DXZMfZ
坂野 望美,部署,役職,FATlp8e@test.co.jp,vCppWasP
青井 奈月,部署,役職,Jy5IxMTVPV@sample.org,coMuC9UW
荒田 直行,部署,役職,HY9Kp@test.org,wlWyj4oC
北川 美奈江,部署,役職,QVk02pjyCB@test.jp,pgVCyGrM
福留 今日子,部署,役職,aRLA9@test.net,j3xGheVn
河崎 直人,部署,役職,NQ9nf@test.jp,bNVePLk9
金光 晃子,部署,役職,NIV_K_mLRs@example.co.jp,k74N9phg
五十嵐 正治,部署,役職,oTSbrK@example.jp,LXwwVVXa
竹之内 絵美,部署,役職,xjT3McQr@example.org,Bo7xtvFb
高桑 優華,部署,役職,SGLWN@example.co.jp,pWFOcJCN
中井 信男,部署,役職,k4IwQ@example.com,pBj4UB17
布川 美紀,部署,役職,ISMmS0H3jA@example.co.jp,WvNpWalI
小泉 清志,部署,役職,tg8xzJp9@test.com,hR8huPDw
亀井 千恵子,部署,役職,lUIJNihn@sample.net,t_IaZCYZ
田尻 由美,部署,役職,hkAk5nixd@sample.net,GhnOiVBF
木暮 晴,部署,役職,Xn2zeN@test.org,U0nL9U3E
都築 智恵子,部署,役職,WC5iTsuwd@example.net,m7b4iisu
森 澄子,部署,役職,OF42pevU@example.com,XOECIsDp
笹田 晃,部署,役職,eDSNylP6VE@sample.org,JGxa1KX6
高木 萌花,部署,役職,OmROebT@sample.org,lHtAocwD
垣内 美博,部署,役職,f3KRHQl@test.net,n3bxdrfe
阿久津 年紀,部署,役職,NB61vaV@sample.co.jp,BA2oc6Ak
新家 晃子,部署,役職,BlHr9@test.com,MtjlcgO0
土田 利夫,部署,役職,ndeu2c4H@test.com,AoauBTsw
吉沢 幸司,部署,役職,tKE5_G9@sample.net,qGvfmYv8
滝 遥,部署,役職,weMQJql@test.net,ncdxUFzr
古川 友里,部署,役職,LKgIFHxY@test.co.jp,fUqhRZrl
柿崎 里香,部署,役職,rctqz0BDSF@sample.co.jp,KqtbUB7N
永島 俊哉,部署,役職,AOYhHSwt@example.net,eM3lKBPN
溝口 真由美,部署,役職,Eafc_N@example.org,dUXbEGQZ
大久保 義郎,部署,役職,rmIyAv9e6n@sample.jp,JKhSb502
古屋 夏鈴,部署,役職,wpQpxo@test.com,H9311hlm
古野 浩寿,部署,役職,wpjDXkm8T@test.net,pXKt_o07
船田 博明,部署,役職,SHT1uP5VR@example.com,Qc7qtSHF
手塚 俊史,部署,役職,ioDPeJ8@example.org,KpIqFHpz
西島 初男,部署,役職,sveJHZ@example.jp,L7WiHoLl
小関 達男,部署,役職,yoAaZz@sample.com,X3Qv66v_
大和 藤雄,部署,役職,HUCgOt@sample.org,lqpQE62C
岩下 春奈,部署,役職,XLIIaW6mI@test.com,cUW4xX1Q
田口 志歩,部署,役職,qaeuY@sample.net,gWgVBwNg
川田 浩志,部署,役職,e_Bj4eHZzJ@example.com,BnfzA31f
遠田 加奈子,部署,役職,vjsPA@example.co.jp,ASsruMi9
志賀 紬,部署,役職,iuFRBMHfq@test.co.jp,PVqktKm9
曽根 辰夫,部署,役職,ly00anM@test.org,HFJc8ZHp
亀井 隆夫,部署,役職,D34PnwhW@test.net,SolzhTUJ
森岡 豊樹,部署,役職,ahoo6BX@test.net,c35zYbsk
石崎 里咲,部署,役職,wourgZ253J@sample.co.jp,SFFbHfjI
嶋 瞳,部署,役職,tF8DQEkCj@sample.com,syCZVBYb
小黒 直行,部署,役職,E9uc3@sample.com,HYoTXqkZ
平岡 恒雄,部署,役職,lSicT4NO_g@example.net,nCkufXP6
中橋 実桜,部署,役職,nuiHmM@sample.com,YSsz686I
大浜 理絵,部署,役職,DJ0UHaH3s@sample.org,xaDbb9id
木内 智恵,部署,役職,axcO04s8lp@test.com,MBBiwT0w
久米 治彦,部署,役職,ek4dz3U_1e@test.com,nBlAx3kF
山脇 利雄,部署,役職,A1y9a7@example.org,b6ilvbPf
石山 佐登子,部署,役職,RYJJNn@example.com,SKr0T6gF
迫田 穂乃花,部署,役職,CRYhH@example.com,QGOurDJV
畑山 明美,部署,役職,AbCteSZ8q@sample.jp,pMYqnMNk
江本 信行,部署,役職,mLBtERKr6h@sample.co.jp,d_52bqfT
瀬尾 花奈,部署,役職,nxJpTafZb@test.net,PnKjcf7N
田島 勝美,部署,役職,ynsNT@test.org,xnHWau5I
波多野 礼子,部署,役職,otHNDZvkkp@example.jp,gF1puQKo
北条 秀男,部署,役職,C4a8B83xD0@test.jp,aQ5QFb1K
河野 威雄,部署,役職,rp3wPPS@sample.co.jp,IGmdx36z
川瀬 淑子,部署,役職,kUXUPp@test.net,jU0USYRp
植野 利勝,部署,役職,nVe35xP@test.co.jp,TQFP_eVl
橋本 冨美子,部署,役職,bE1uSp2UT@sample.co.jp,LhEb2HN_
及川 大輝,部署,役職,EeMqQWpB@example.jp,I9stDQsh
榊 乃愛,部署,役職,qqDmK@test.jp,WMpN9Wit
伊東 萌恵,部署,役職,xsU0y2w@test.jp,yyAhwBXR
池内 政昭,部署,役職,vPA1Kj3Q1@test.net,PPm6xyDS
柳谷 精一,部署,役職,apqJU8R@example.org,ruexNjXw
桑原 健太郎,部署,役職,y4nggT2yZ@test.com,GWdEq7wR
香月 信太郎,部署,役職,DwwO7prM8@example.jp,apVMM0vY
寺西 司,部署,役職,g8WyNqav@example.net,Wp5gwjKb
赤井 莉桜,部署,役職,GHlLWh06Xe@example.net,O5nVVU92
栗林 伸,部署,役職,xh8WZgRdj@test.co.jp,M9jnSqGH
島村 栄三郎,部署,役職,LBdmDFg@sample.org,cz0Cr9bY
前山 澪,部署,役職,a0v0_38Cw@example.com,Ymp3elzd
相澤 隆一,部署,役職,SRA05K@example.net,pff8G8gG
浅見 大樹,部署,役職,ap66JXgSfl@test.net,dmIDdKW_
五十嵐 花穂,部署,役職,BG2Vix@example.jp,v5RHGBvv
野澤 紫音,部署,役職,FscH09kH@sample.jp,oNngkmeV
大河内 瑠璃,部署,役職,VVUlH@example.jp,bVa83cIe
鵜飼 愛菜,部署,役職,bH0aVHQ@example.co.jp,JhNoVYAg
宮﨑 杏菜,部署,役職,qmWhm2@test.co.jp,j2kESLxf
角谷 大貴,部署,役職,Ums4COlyhf@example.org,sQZQWvic
宇都宮 國吉,部署,役職,MGPOJC@sample.com,Rj0SLbTY
安田 尚,部署,役職,MG06A@sample.co.jp,tJCsOIz6
大河内 公子,部署,役職,nLPeUL7@sample.co.jp,SX4Uxnoq
海野 典大,部署,役職,NjZNR8@example.org,BuMWIVsX
浦 夕菜,部署,役職,K7RbehOb@example.com,WWXe4UxQ
佐久間 一正,部署,役職,L1z_TqdpA@example.com,RGLpOTvG
徳永 楓香,部署,役職,t_ng3HsO@example.co.jp,lN0YgZYC
宮下 絵美,部署,役職,ax0X0Kk8Q@sample.net,NiLtoa6I
松原 心結,部署,役職,n9WJA0lQPV@test.net,o_1hDpwg
都築 堂下,部署,役職,U6vg2P4L@test.net,WLNOyF69
引地 優太,部署,役職,YioZ__D@example.com,nGRerGNq
大上 瑠菜,部署,役職,DwCmSYY@test.jp,KbJxXPPK
新保 政春,部署,役職,pu90Ii@sample.jp,N7NcrPEX
景山 亜由美,部署,役職,Yk37dBsz@sample.net,fiVd0Y9d
若井 一朗,部署,役職,s57p4@example.jp,Aquv7ZYe
菅野 美緒,部署,役職,sVFrH@sample.jp,k01aDgXU
相良 政吉,部署,役職,PELfaS@sample.com,tKIffDTs
小山内 美優,部署,役職,wa2pHdySw@sample.jp,duWCHutz
長島 真紗子,部署,役職,ibbzmpF@example.net,xXKziplr
深川 麻世,部署,役職,X85SSE6Ku@sample.net,VhJ1b2nZ
田村 真幸,部署,役職,jlWHzGX0@sample.jp,WTt7MO7_
棚橋 清吾,部署,役職,HvGVkw6P@example.co.jp,kLU6gHnv
門田 真由子,部署,役職,bPK_t7A@test.org,RF7ch4gL
末次 杏子,部署,役職,lKx4DW82D@example.jp,TEFf_Fc7
江尻 千絵,部署,役職,TVT2vY5k@example.net,NKTcgPaF
高崎 楓花,部署,役職,PC2ggzY@example.org,Ld_jPCbW
綿引 咲子,部署,役職,Y8fhkdB@test.jp,Bl7d9nF8
桂 孝行,部署,役職,xEeF032MT@sample.co.jp,DgvNuwHJ
河井 斎,部署,役職,TrBv0XN@sample.net,mC8ba2rX
吉良 尚夫,部署,役職,fmeDq@example.jp,iecLoZqU
坂上 結衣,部署,役職,brCt7nm@example.net,GDI3SISj
赤尾 香穂,部署,役職,fa8Qqjs9o@sample.net,R9lxozPE
坂本 百恵,部署,役職,PdgR1@example.org,kJqjrt3k
布施 松男,部署,役職,Va0YWkEoV@example.co.jp,rEGsJjQH
東野 秀明,部署,役職,Wq7DClM0P@sample.org,YMHsJOfm
平松 貴英,部署,役職,HpdAw@sample.com,AV2hByll
三枝 昭吾,部署,役職,pBiSxcd@example.net,byFyeB29
小松原 駿,部署,役職,HfyjWfF4@example.co.jp,QUCeVXqe
古谷 章平,部署,役職,kRsQEHjc@sample.com,FhGxKJ2j
元木 美也子,部署,役職,fQSYhhx8MS@test.jp,Ew0xCDSL
河内 等,部署,役職,yEerM@test.net,Pwej59YW
黒沢 晴彦,部署,役職,bGrTfqx@sample.com,QNYv4OKr
